country;exchange
AU;1.090
DE;0.754309
IT;0.754309
JP;87.780
KO;1156.46
NE-LISS;0.754309
CH;1.043
UK;0.647179
NE-LSP;0.754309